district_id,staff_scope,year,lct_value_bell,minutes,minutes_source_bell,enrollment,staff,data_tier,year_span,within_window,lct_value_wiped,minutes_source_wiped,_merge,delta
0100270,all,2023-24,55.0407,450,bell_schedule_elementary,30998,3791.45,2,2,True,44.0326,state_requirement,both,-11.008099999999999
0100270,core_sped,2023-24,360.0,450,bell_schedule_elementary,146,121.41,2,2,True,299.3671,state_requirement,both,-60.63290000000001
0100270,instructional,2023-24,33.1163,450,bell_schedule_elementary,30998,2281.2,2,2,True,26.4931,state_requirement,both,-6.623200000000004
0100270,instructional_plus_support,2023-24,36.8176,450,bell_schedule_elementary,30998,2536.16,2,2,True,29.4541,state_requirement,both,-7.363499999999998
0100270,teachers_core,2023-24,28.0082,450,bell_schedule_elementary,30998,1929.33,2,2,True,22.4066,state_requirement,both,-5.601599999999998
0100270,teachers_elementary,2023-24,33.4197,450,bell_schedule,14041,1042.77,1,2,True,26.7358,state_requirement,both,-6.683899999999998
0100270,teachers_gened,2023-24,26.3123,450,bell_schedule_elementary,31672,1851.92,2,2,True,21.0499,state_requirement,both,-5.2623999999999995
0100270,teachers_only,2023-24,28.0082,450,bell_schedule_elementary,30998,1929.33,2,2,True,22.4066,state_requirement,both,-5.601599999999998
0100270,teachers_secondary,2023-24,23.5273,450,bell_schedule_elementary,16957,886.56,2,2,True,18.8218,state_requirement,both,-4.705500000000001
0102370,all,2023-24,45.3616,385,bell_schedule_elementary,49372,5817.13,2,2,True,42.4161,state_requirement,both,-2.9455000000000027
0102370,core_sped,2023-24,320.1588,385,bell_schedule_elementary,234,194.59,2,2,True,299.3692,state_requirement,both,-20.789600000000007
0102370,instructional,2023-24,25.9489,385,bell_schedule_elementary,49372,3327.66,2,2,True,24.2639,state_requirement,both,-1.6849999999999987
0102370,instructional_plus_support,2023-24,27.7572,385,bell_schedule_elementary,49372,3559.56,2,2,True,25.9548,state_requirement,both,-1.8024000000000022
0102370,teachers_core,2023-24,21.9376,385,bell_schedule_elementary,49372,2813.25,2,2,True,20.513,state_requirement,both,-1.424599999999998
0102370,teachers_elementary,2023-24,23.1869,385,bell_schedule,23798,1433.25,1,2,True,21.6812,state_requirement,both,-1.505700000000001
0102370,teachers_gened,2023-24,20.3885,385,bell_schedule_elementary,50695,2684.66,2,2,True,19.0646,state_requirement,both,-1.3239000000000019
0102370,teachers_only,2023-24,21.9376,385,bell_schedule_elementary,49372,2813.25,2,2,True,20.513,state_requirement,both,-1.424599999999998
0102370,teachers_secondary,2023-24,20.775,385,bell_schedule_elementary,25574,1380.0,2,2,True,19.426,state_requirement,both,-1.3490000000000002
0200180,all,2023-24,49.0107,390,bell_schedule,42424,5331.36,1,2,True,37.7005,state_requirement,both,-11.310200000000002
0200180,core_sped,2023-24,269.8711,390,bell_schedule,263,181.99,1,2,True,207.5932,state_requirement,both,-62.27790000000002
0200180,instructional,2023-24,28.0128,390,bell_schedule,42424,3047.22,1,2,True,21.5483,state_requirement,both,-6.4644999999999975
0200180,instructional_plus_support,2023-24,31.4742,390,bell_schedule,42424,3423.75,1,2,True,24.2109,state_requirement,both,-7.263300000000001
0200180,teachers_core,2023-24,21.6808,390,bell_schedule,42424,2358.43,1,2,True,16.6776,state_requirement,both,-5.0032
0200180,teachers_elementary,2023-24,23.1972,390,bell_schedule,19442,1156.41,1,2,True,15.7027,state_requirement,both,-7.494499999999999
0200180,teachers_gened,2023-24,20.2158,390,bell_schedule,43100,2234.1,1,2,True,15.5506,state_requirement,both,-4.665200000000002
0200180,teachers_only,2023-24,21.6808,390,bell_schedule,42424,2358.43,1,2,True,16.6776,state_requirement,both,-5.0032
0200180,teachers_secondary,2023-24,20.398,390,bell_schedule,22982,1202.02,1,2,True,15.6908,state_requirement,both,-4.7072
0200510,all,2023-24,35.831,390,bell_schedule,19271,1770.51,1,2,True,27.5623,state_requirement,both,-8.268700000000003
0200510,core_sped,2023-24,269.8602,390,bell_schedule,118,81.65,1,2,True,207.5847,state_requirement,both,-62.27550000000002
0200510,instructional,2023-24,27.2968,390,bell_schedule,19271,1348.81,1,2,True,20.9975,state_requirement,both,-6.299300000000002
0200510,instructional_plus_support,2023-24,30.4615,390,bell_schedule,19271,1505.19,1,2,True,23.4319,state_requirement,both,-7.029600000000002
0200510,teachers_core,2023-24,20.2957,390,bell_schedule,19271,1002.87,1,2,True,15.6121,state_requirement,both,-4.6836
0200510,teachers_elementary,2023-24,21.2376,390,bell_schedule_high,8942,486.94,2,2,True,14.3762,state_requirement,both,-6.8614
0200510,teachers_gened,2023-24,19.1377,390,bell_schedule,19303,947.22,1,2,True,14.7213,state_requirement,both,-4.416399999999999
0200510,teachers_only,2023-24,20.2957,390,bell_schedule,19271,1002.87,1,2,True,15.6121,state_requirement,both,-4.6836
0200510,teachers_secondary,2023-24,19.4804,390,bell_schedule,10329,515.93,1,2,True,14.9849,state_requirement,both,-4.4955
0200600,all,2023-24,50.2218,390,bell_schedule_elementary,12365,1592.29,2,2,True,38.6322,state_requirement,both,-11.589600000000004
0200600,core_sped,2023-24,269.8697,390,bell_schedule_elementary,76,52.59,2,2,True,207.5921,state_requirement,both,-62.277600000000035
0200600,instructional,2023-24,30.4481,390,bell_schedule_elementary,12365,965.36,2,2,True,23.4216,state_requirement,both,-7.026499999999999
0200600,instructional_plus_support,2023-24,33.8261,390,bell_schedule_elementary,12365,1072.46,2,2,True,26.0201,state_requirement,both,-7.805999999999997
0200600,teachers_core,2023-24,20.3954,390,bell_schedule_elementary,12365,646.64,2,2,True,15.6888,state_requirement,both,-4.706599999999998
0200600,teachers_elementary,2023-24,20.9778,390,bell_schedule,5938,319.4,1,2,True,14.2003,state_requirement,both,-6.777499999999998
0200600,teachers_gened,2023-24,18.8993,390,bell_schedule_elementary,12465,604.05,2,2,True,14.5379,state_requirement,both,-4.3614
0200600,teachers_only,2023-24,20.3954,390,bell_schedule_elementary,12365,646.64,2,2,True,15.6888,state_requirement,both,-4.706599999999998
0200600,teachers_secondary,2023-24,19.8574,390,bell_schedule_elementary,6427,327.24,2,2,True,15.2749,state_requirement,both,-4.582499999999998
0401870,all,2023-24,48.4184,415,bell_schedule,41923,4891.19,1,2,True,28.001,state_requirement,both,-20.417399999999997
0401870,core_sped,2023-24,165.3285,415,bell_schedule,377,150.19,1,2,True,95.6117,state_requirement,both,-69.71679999999999
0401870,instructional,2023-24,30.076,415,bell_schedule,41923,3038.26,1,2,True,17.3934,state_requirement,both,-12.6826
0401870,instructional_plus_support,2023-24,37.2565,415,bell_schedule,41923,3763.62,1,2,True,21.5459,state_requirement,both,-15.710600000000003
0401870,instructional_sped,2023-24,360.0,415,bell_schedule,377,352.56,1,2,True,224.4414,state_requirement,both,-135.5586
0401870,teachers_core,2023-24,23.8284,415,bell_schedule,41923,2407.13,1,2,True,13.7803,state_requirement,both,-10.048099999999998
0401870,teachers_elementary,2023-24,37.1984,390,bell_schedule,15627,1490.51,1,2,True,25.4666,state_requirement,both,-11.7318
0401870,teachers_gened,2023-24,22.2973,415,bell_schedule,42455,2281.04,1,2,True,12.8948,state_requirement,both,-9.4025
0401870,teachers_only,2023-24,23.8284,415,bell_schedule,41923,2407.13,1,2,True,13.7803,state_requirement,both,-10.048099999999998
0401870,teachers_secondary,2023-24,14.466,415,bell_schedule,26296,916.62,1,2,True,8.3659,state_requirement,both,-6.100099999999999
0404970,all,2023-24,54.6798,405,bell_schedule_middle,55172,7448.88,2,2,True,32.4029,state_requirement,both,-22.276899999999998
0404970,core_sped,2023-24,161.3398,405,bell_schedule_middle,503,200.38,2,2,True,95.6087,state_requirement,both,-65.7311
0404970,instructional,2023-24,32.6356,405,bell_schedule_middle,55172,4445.85,2,2,True,19.3396,state_requirement,both,-13.295999999999996
0404970,instructional_plus_support,2023-24,41.6493,405,bell_schedule_middle,55172,5673.77,2,2,True,24.6811,state_requirement,both,-16.968199999999996
0404970,instructional_sped,2023-24,360.0,405,bell_schedule_middle,503,470.4,2,2,True,224.4453,state_requirement,both,-135.5547
0404970,teachers_core,2023-24,23.6545,405,bell_schedule_middle,55172,3222.38,2,2,True,14.0175,state_requirement,both,-9.636999999999999
0404970,teachers_elementary,2023-24,27.7574,360,bell_schedule,23867,1840.24,1,2,True,20.5868,state_requirement,both,-7.1706
0404970,teachers_gened,2023-24,22.0175,405,bell_schedule_middle,56701,3082.5,2,2,True,13.0474,state_requirement,both,-8.970099999999999
0404970,teachers_only,2023-24,23.6545,405,bell_schedule_middle,55172,3222.38,2,2,True,14.0175,state_requirement,both,-9.636999999999999
0404970,teachers_secondary,2023-24,17.9361,405,bell_schedule_middle,31209,1382.14,2,2,True,10.6288,state_requirement,both,-7.3073
0408800,all,2023-24,65.5627,405,bell_schedule,39674,6422.55,1,2,True,38.8519,state_requirement,both,-26.710800000000006
0408800,core_sped,2023-24,161.3475,405,bell_schedule,360,143.42,1,2,True,95.6133,state_requirement,both,-65.7342
0408800,instructional,2023-24,39.0677,405,bell_schedule,39674,3827.09,1,2,True,23.1512,state_requirement,both,-15.916500000000003
0408800,instructional_plus_support,2023-24,49.5527,405,bell_schedule,39674,4854.21,1,2,True,29.3646,state_requirement,both,-20.188100000000002
0408800,instructional_sped,2023-24,360.0,405,bell_schedule,360,336.67,1,2,True,224.4467,state_requirement,both,-135.5533
0408800,teachers_core,2023-24,28.9055,405,bell_schedule,39674,2831.6,1,2,True,17.1292,state_requirement,both,-11.776299999999999
0408800,teachers_elementary,2023-24,44.8172,405,bell_schedule_high,17614,1949.16,2,2,True,29.5461,state_requirement,both,-15.2711
0408800,teachers_gened,2023-24,27.0258,405,bell_schedule,40569,2707.18,1,2,True,16.0153,state_requirement,both,-11.0105
0408800,teachers_only,2023-24,28.9055,405,bell_schedule,39674,2831.6,1,2,True,17.1292,state_requirement,both,-11.776299999999999
0408800,teachers_secondary,2023-24,16.2368,405,bell_schedule,22011,882.44,1,2,True,9.6218,state_requirement,both,-6.614999999999998
0503060,all,2023-24,57.729,420,bell_schedule,19137,2630.38,1,2,True,49.482,state_requirement,both,-8.247
0503060,core_sped,2023-24,224.062,420,bell_schedule,158,84.29,1,2,True,192.0532,state_requirement,both,-32.00880000000001
0503060,instructional,2023-24,39.7774,420,bell_schedule,19137,1812.43,1,2,True,34.0949,state_requirement,both,-5.682499999999997
0503060,instructional_plus_support,2023-24,44.0066,420,bell_schedule,19137,2005.13,1,2,True,37.72,state_requirement,both,-6.2866
0503060,instructional_sped,2023-24,360.0,420,bell_schedule,158,138.98,1,2,True,316.6633,state_requirement,both,-43.33670000000001
0503060,teachers_core,2023-24,28.5507,420,bell_schedule,19137,1300.89,1,2,True,24.472,state_requirement,both,-4.078699999999998
0503060,teachers_elementary,2023-24,33.1134,420,bell_schedule,8769,691.36,1,2,True,28.3829,state_requirement,both,-4.730499999999999
0503060,teachers_gened,2023-24,26.923,420,bell_schedule,18979,1216.6,1,2,True,23.0769,state_requirement,both,-3.8461
0503060,teachers_only,2023-24,27.6557,420,bell_schedule,19137,1260.11,1,2,True,23.7048,state_requirement,both,-3.9509000000000007
0503060,teachers_secondary,2023-24,23.0775,420,bell_schedule,10351,568.75,1,2,True,19.7807,state_requirement,both,-3.296800000000001
0509000,all,2023-24,69.2352,435,bell_schedule,19952,3175.59,1,2,True,57.2981,state_requirement,both,-11.937100000000008
0509000,core_sped,2023-24,232.0663,435,bell_schedule,175,93.36,1,2,True,192.0549,state_requirement,both,-40.01140000000001
0509000,instructional,2023-24,41.7116,435,bell_schedule,19952,1913.17,1,2,True,34.5199,state_requirement,both,-7.191699999999997
0509000,instructional_plus_support,2023-24,53.1669,435,bell_schedule,19952,2438.59,1,2,True,44.0002,state_requirement,both,-9.166699999999999
0509000,instructional_sped,2023-24,360.0,435,bell_schedule,175,153.94,1,2,True,316.6766,state_requirement,both,-43.32339999999999
0509000,teachers_core,2023-24,29.5241,435,bell_schedule,19952,1354.17,1,2,True,24.4337,state_requirement,both,-5.090399999999999
0509000,teachers_elementary,2023-24,36.1083,435,bell_schedule,9496,788.24,1,2,True,29.8827,state_requirement,both,-6.2256
0509000,teachers_gened,2023-24,27.6798,435,bell_schedule,20930,1331.81,1,2,True,22.9074,state_requirement,both,-4.772400000000001
0509000,teachers_only,2023-24,27.2224,435,bell_schedule,19952,1248.6,1,2,True,22.5289,state_requirement,both,-4.6935
0509000,teachers_secondary,2023-24,19.1523,435,bell_schedule,10456,460.36,1,2,True,15.8502,state_requirement,both,-3.302100000000001
0512660,all,2023-24,55.057,385,bell_schedule,21710,3104.64,1,2,True,51.4818,state_requirement,both,-3.5752000000000024
0512660,core_sped,2023-24,205.3975,385,bell_schedule,180,96.03,1,2,True,192.06,state_requirement,both,-13.337500000000006
0512660,instructional,2023-24,31.4503,385,bell_schedule,21710,1773.47,1,2,True,29.4081,state_requirement,both,-2.0421999999999976
0512660,instructional_plus_support,2023-24,39.101,385,bell_schedule,21710,2204.89,1,2,True,36.562,state_requirement,both,-2.5390000000000015
0512660,instructional_sped,2023-24,338.6717,385,bell_schedule,180,158.34,1,2,True,316.68,state_requirement,both,-21.99169999999998
0512660,teachers_core,2023-24,26.3015,385,bell_schedule,21710,1483.13,1,2,True,24.5936,state_requirement,both,-1.7079000000000022
0512660,teachers_elementary,2023-24,32.7847,380,bell_schedule,9494,819.1,1,2,True,31.0592,state_requirement,both,-1.7255000000000003
0512660,teachers_gened,2023-24,25.7659,385,bell_schedule,21608,1446.1,1,2,True,24.0927,state_requirement,both,-1.6731999999999978
0512660,teachers_only,2023-24,24.6664,385,bell_schedule,21710,1390.93,1,2,True,23.0647,state_requirement,both,-1.601700000000001
0512660,teachers_secondary,2023-24,18.0262,385,bell_schedule,12213,571.83,1,2,True,16.8557,state_requirement,both,-1.1705000000000005
0614550,all,2023-24,38.3248,335,bell_schedule_elementary,68568,7844.34,2,2,True,41.1848,state_requirement,both,2.8599999999999994
0614550,core_sped,2023-24,50.3335,335,bell_schedule_elementary,722,108.48,2,2,True,54.0898,state_requirement,both,3.756299999999996
0614550,instructional,2023-24,23.1657,335,bell_schedule_elementary,68568,4741.57,2,2,True,24.8945,state_requirement,both,1.7287999999999997
0614550,instructional_plus_support,2023-24,25.5035,335,bell_schedule_elementary,68568,5220.07,2,2,True,27.4067,state_requirement,both,1.9032000000000018
0614550,instructional_sped,2023-24,194.4253,335,bell_schedule_elementary,722,419.03,2,2,True,208.9346,state_requirement,both,14.509299999999996
0614550,teachers_core,2023-24,17.0195,335,bell_schedule_elementary,68568,3483.57,2,2,True,18.2897,state_requirement,both,1.270199999999999
0614550,teachers_elementary,2023-24,25.2593,335,bell_schedule,33295,2510.47,1,2,True,21.1122,state_requirement,both,-4.147099999999998
0614550,teachers_gened,2023-24,16.665,335,bell_schedule_elementary,67846,3375.09,2,2,True,17.9087,state_requirement,both,1.2437000000000005
0614550,teachers_only,2023-24,17.0195,335,bell_schedule_elementary,68568,3483.57,2,2,True,18.2897,state_requirement,both,1.270199999999999
0614550,teachers_secondary,2023-24,9.2419,335,bell_schedule_elementary,35273,973.1,2,2,True,9.9316,state_requirement,both,0.6897000000000002
0622710,all,2023-24,50.2891,383,bell_schedule,419929,55137.98,1,2,True,47.2691,state_requirement,both,-3.019999999999996
0622710,core_sped,2023-24,57.5462,383,bell_schedule,4419,663.96,1,2,True,54.0904,state_requirement,both,-3.4557999999999964
0622710,instructional,2023-24,28.5607,383,bell_schedule,419929,31314.5,1,2,True,26.8455,state_requirement,both,-1.7151999999999994
0622710,instructional_plus_support,2023-24,32.5263,383,bell_schedule,419929,35662.5,1,2,True,30.573,state_requirement,both,-1.9532999999999987
0622710,instructional_sped,2023-24,222.2856,383,bell_schedule,4419,2564.7,1,2,True,208.9369,state_requirement,both,-13.34869999999998
0622710,teachers_core,2023-24,19.8193,383,bell_schedule,419929,21730.24,1,2,True,18.6291,state_requirement,both,-1.1901999999999973
0622710,teachers_elementary,2023-24,23.3945,323,bell_schedule,206341,14945.02,1,2,True,20.28,state_requirement,both,-3.1144999999999996
0622710,teachers_gened,2023-24,19.418,383,bell_schedule,415510,21066.28,1,2,True,18.2519,state_requirement,both,-1.1661000000000001
0622710,teachers_only,2023-24,19.8193,383,bell_schedule,419929,21730.24,1,2,True,18.6291,state_requirement,both,-1.1901999999999973
0622710,teachers_secondary,2023-24,12.1671,383,bell_schedule,213588,6785.22,1,2,True,11.4364,state_requirement,both,-0.7306999999999988
0626910,all,2023-24,28.1797,335,bell_schedule_elementary,10052,845.56,2,2,True,30.2827,state_requirement,both,2.102999999999998
0626910,core_sped,2023-24,50.3448,335,bell_schedule_elementary,106,15.93,2,2,True,54.1019,state_requirement,both,3.757100000000001
0626910,instructional,2023-24,19.7467,335,bell_schedule_elementary,10052,592.52,2,2,True,21.2204,state_requirement,both,1.473700000000001
0626910,instructional_plus_support,2023-24,20.9132,335,bell_schedule_elementary,10052,627.52,2,2,True,22.4739,state_requirement,both,1.5607000000000006
0626910,instructional_sped,2023-24,194.4264,335,bell_schedule_elementary,106,61.52,2,2,True,208.9358,state_requirement,both,14.5094
0626910,teachers_core,2023-24,14.0939,335,bell_schedule_elementary,10052,422.9,2,2,True,15.1456,state_requirement,both,1.0517000000000003
0626910,teachers_elementary,2023-24,20.1128,335,bell_schedule,4449,267.11,1,2,True,16.8107,state_requirement,both,-3.3020999999999994
0626910,teachers_gened,2023-24,13.7075,335,bell_schedule_elementary,9946,406.97,2,2,True,14.7305,state_requirement,both,1.0229999999999997
0626910,teachers_only,2023-24,14.0939,335,bell_schedule_elementary,10052,422.9,2,2,True,15.1456,state_requirement,both,1.0517000000000003
0626910,teachers_secondary,2023-24,9.3146,335,bell_schedule_elementary,5603,155.79,2,2,True,10.0097,state_requirement,both,0.6951
0634320,all,2023-24,52.7578,450,bell_schedule_middle,95492,11195.44,2,2,True,42.2062,state_requirement,both,-10.5516
0634320,core_sped,2023-24,67.6119,450,bell_schedule_middle,1005,151.0,2,2,True,54.0896,state_requirement,both,-13.522300000000008
0634320,instructional,2023-24,31.3855,450,bell_schedule_middle,95492,6660.15,2,2,True,25.1084,state_requirement,both,-6.277100000000001
0634320,instructional_plus_support,2023-24,35.1317,450,bell_schedule_middle,95492,7455.1,2,2,True,28.1053,state_requirement,both,-7.026400000000002
0634320,instructional_sped,2023-24,261.1701,450,bell_schedule_middle,1005,583.28,2,2,True,208.9361,state_requirement,both,-52.23399999999998
0634320,teachers_core,2023-24,20.2076,450,bell_schedule_middle,95492,4288.14,2,2,True,16.1661,state_requirement,both,-4.041499999999999
0634320,teachers_elementary,2023-24,26.6845,435,bell_schedule,49154,3015.29,1,2,True,17.1762,state_requirement,both,-9.508299999999998
0634320,teachers_gened,2023-24,19.7034,450,bell_schedule_middle,94487,4137.14,2,2,True,15.7627,state_requirement,both,-3.940699999999998
0634320,teachers_only,2023-24,20.2076,450,bell_schedule_middle,95492,4288.14,2,2,True,16.1661,state_requirement,both,-4.041499999999999
0634320,teachers_secondary,2023-24,12.361,450,bell_schedule_middle,46338,1272.85,2,2,True,9.8888,state_requirement,both,-2.472200000000001
0634410,all,2023-24,39.0901,420,bell_schedule,48736,4535.94,1,2,True,33.5058,state_requirement,both,-5.584299999999999
0634410,core_sped,2023-24,63.1064,420,bell_schedule,513,77.08,1,2,True,54.0912,state_requirement,both,-9.0152
0634410,instructional,2023-24,28.263,420,bell_schedule,48736,3279.59,1,2,True,24.2255,state_requirement,both,-4.037500000000001
0634410,instructional_plus_support,2023-24,31.0886,420,bell_schedule,48736,3607.46,1,2,True,26.6474,state_requirement,both,-4.4411999999999985
0634410,instructional_sped,2023-24,243.7556,420,bell_schedule,513,297.73,1,2,True,208.9333,state_requirement,both,-34.822299999999984
0634410,teachers_core,2023-24,20.3731,420,bell_schedule,48736,2364.06,1,2,True,17.4627,state_requirement,both,-2.910399999999999
0634410,teachers_elementary,2023-24,24.9933,375,bell_schedule,23519,1567.51,1,2,True,18.6616,state_requirement,both,-6.331700000000001
0634410,teachers_gened,2023-24,19.9185,420,bell_schedule,48223,2286.98,1,2,True,17.073,state_requirement,both,-2.8455000000000013
0634410,teachers_only,2023-24,20.3731,420,bell_schedule,48736,2364.06,1,2,True,17.4627,state_requirement,both,-2.910399999999999
0634410,teachers_secondary,2023-24,13.2669,420,bell_schedule,25217,796.55,1,2,True,11.3716,state_requirement,both,-1.8952999999999989
0804800,all,2023-24,57.6441,405,bell_schedule,71680,10202.3,1,2,True,51.2392,state_requirement,both,-6.404900000000005
0804800,instructional,2023-24,36.174,405,bell_schedule,71680,6402.35,1,2,True,32.1547,state_requirement,both,-4.019300000000001
0804800,instructional_plus_support,2023-24,42.4834,405,bell_schedule,71680,7519.03,1,2,True,37.763,state_requirement,both,-4.720400000000005
0804800,teachers_core,2023-24,24.4096,405,bell_schedule,71680,4320.2,1,2,True,21.6974,state_requirement,both,-2.712200000000003
0804800,teachers_elementary,2023-24,35.1547,480,bell_schedule,31137,2280.44,1,2,True,24.6815,state_requirement,both,-10.473199999999999
0804800,teachers_gened,2023-24,22.9186,405,bell_schedule,73994,4187.25,1,2,True,20.3721,state_requirement,both,-2.5465000000000018
0804800,teachers_only,2023-24,24.4096,405,bell_schedule,71680,4320.2,1,2,True,21.6974,state_requirement,both,-2.712200000000003
0804800,teachers_secondary,2023-24,20.376,405,bell_schedule,40543,2039.76,1,2,True,18.112,state_requirement,both,-2.264000000000003
0900450,all,2023-24,58.2041,380,bell_schedule_elementary,18557,2842.35,2,2,True,45.9506,state_requirement,both,-12.253499999999995
0900450,instructional,2023-24,35.0768,380,bell_schedule_elementary,18557,1712.95,2,2,True,27.6922,state_requirement,both,-7.384599999999999
0900450,instructional_plus_support,2023-24,39.1805,380,bell_schedule_elementary,18557,1913.35,2,2,True,30.932,state_requirement,both,-8.248500000000003
0900450,teachers_core,2023-24,27.8033,380,bell_schedule_elementary,18557,1357.75,2,2,True,21.9499,state_requirement,both,-5.853400000000001
0900450,teachers_elementary,2023-24,41.4981,380,bell_schedule,8774,958.17,1,2,True,32.7617,state_requirement,both,-8.736400000000003
0900450,teachers_gened,2023-24,23.2731,380,bell_schedule_elementary,19512,1195.01,2,2,True,18.3735,state_requirement,both,-4.8995999999999995
0900450,teachers_only,2023-24,27.8033,380,bell_schedule_elementary,18557,1357.75,2,2,True,21.9499,state_requirement,both,-5.853400000000001
0900450,teachers_secondary,2023-24,15.5208,380,bell_schedule_elementary,9783,399.58,2,2,True,12.2533,state_requirement,both,-3.2675
0902790,all,2023-24,73.9004,390,bell_schedule,17798,3372.51,1,2,True,56.8464,state_requirement,both,-17.054000000000002
0902790,instructional,2023-24,43.2631,390,bell_schedule,17798,1974.35,1,2,True,33.2793,state_requirement,both,-9.983800000000002
0902790,instructional_plus_support,2023-24,51.1223,390,bell_schedule,17798,2333.01,1,2,True,39.3248,state_requirement,both,-11.7975
0902790,teachers_core,2023-24,32.1534,390,bell_schedule,17798,1467.35,1,2,True,24.7334,state_requirement,both,-7.419999999999998
0902790,teachers_elementary,2023-24,45.3074,375,bell_schedule,7589,916.9,1,2,True,36.2459,state_requirement,both,-9.061500000000002
0902790,teachers_gened,2023-24,27.1761,390,bell_schedule,18889,1316.23,1,2,True,20.9047,state_requirement,both,-6.271400000000003
0902790,teachers_only,2023-24,32.1534,390,bell_schedule,17798,1467.35,1,2,True,24.7334,state_requirement,both,-7.419999999999998
0902790,teachers_secondary,2023-24,21.0281,390,bell_schedule,10209,550.45,1,2,True,16.1754,state_requirement,both,-4.852699999999999
0904830,all,2023-24,64.1616,390,bell_schedule,18039,2967.72,1,2,True,49.3551,state_requirement,both,-14.806500000000007
0904830,instructional,2023-24,41.0846,390,bell_schedule,18039,1900.32,1,2,True,31.6035,state_requirement,both,-9.481100000000001
0904830,instructional_plus_support,2023-24,44.4638,390,bell_schedule,18039,2056.62,1,2,True,34.2029,state_requirement,both,-10.2609
0904830,teachers_core,2023-24,29.5199,390,bell_schedule,18039,1365.41,1,2,True,22.7076,state_requirement,both,-6.8123000000000005
0904830,teachers_elementary,2023-24,38.2982,375,bell_schedule,8588,877.08,1,2,True,30.6386,state_requirement,both,-7.659600000000001
0904830,teachers_gened,2023-24,25.189,390,bell_schedule,18879,1219.34,1,2,True,19.3761,state_requirement,both,-5.812899999999999
0904830,teachers_only,2023-24,29.5199,390,bell_schedule,18039,1365.41,1,2,True,22.7076,state_requirement,both,-6.8123000000000005
0904830,teachers_secondary,2023-24,20.1512,390,bell_schedule,9451,488.33,1,2,True,15.5009,state_requirement,both,-4.6503
1000080,all,2024-25,52.0383,420,bell_schedule,12664,1569.08,1,1,True,26.0192,state_requirement,both,-26.019099999999998
1000080,core_sped,2023-24,152.0711,420,bell_schedule,135,48.88,1,2,True,76.0356,state_requirement,both,-76.0355
1000080,instructional,2024-25,39.7358,420,bell_schedule,12664,1198.13,1,1,True,19.8679,state_requirement,both,-19.8679
1000080,instructional_plus_support,2024-25,43.5044,420,bell_schedule,12664,1311.76,1,1,True,21.7522,state_requirement,both,-21.7522
1000080,instructional_sped,2023-24,360.0,420,bell_schedule,135,125.6,1,2,True,195.3778,state_requirement,both,-164.6222
1000080,teachers_core,2024-25,28.1736,420,bell_schedule,12664,849.5,1,1,True,14.0868,state_requirement,both,-14.0868
1000080,teachers_elementary,2024-25,29.2024,420,bell_schedule_high,5717,397.5,2,1,True,14.6012,state_requirement,both,-14.6012
1000080,teachers_gened,2023-24,27.1187,420,bell_schedule,12810,827.12,1,2,True,13.5593,state_requirement,both,-13.5594
1000080,teachers_only,2024-25,28.1736,420,bell_schedule,12664,849.5,1,1,True,14.0868,state_requirement,both,-14.0868
1000080,teachers_secondary,2024-25,27.3269,420,bell_schedule,6947,452.0,1,1,True,13.6635,state_requirement,both,-13.663399999999998
1000200,all,2024-25,73.4191,420,bell_schedule_elementary,12460,2178.1,2,1,True,36.7096,state_requirement,both,-36.7095
1000200,core_sped,2023-24,152.069,420,bell_schedule_elementary,174,63.0,2,2,True,76.0345,state_requirement,both,-76.0345
1000200,instructional,2024-25,53.9157,420,bell_schedule_elementary,12460,1599.5,2,1,True,26.9579,state_requirement,both,-26.957800000000002
1000200,instructional_plus_support,2024-25,61.9652,420,bell_schedule_elementary,12460,1838.3,2,1,True,30.9826,state_requirement,both,-30.9826
1000200,instructional_sped,2023-24,360.0,420,bell_schedule_elementary,174,161.89,2,2,True,195.3845,state_requirement,both,-164.6155
1000200,teachers_core,2024-25,34.4899,420,bell_schedule_elementary,12460,1023.2,2,1,True,17.2449,state_requirement,both,-17.244999999999997
1000200,teachers_elementary,2024-25,40.4329,420,bell_schedule,6218,598.6,1,1,True,20.2165,state_requirement,both,-20.216399999999997
1000200,teachers_gened,2023-24,33.127,420,bell_schedule_elementary,12902,1017.63,2,2,True,16.5635,state_requirement,both,-16.5635
1000200,teachers_only,2024-25,34.4899,420,bell_schedule_elementary,12460,1023.2,2,1,True,17.2449,state_requirement,both,-17.244999999999997
1000200,teachers_secondary,2024-25,28.5697,420,bell_schedule_elementary,6242,424.6,2,1,True,14.2848,state_requirement,both,-14.2849
1001300,all,2024-25,65.3503,405,bell_schedule_elementary,14109,2276.61,2,1,True,33.8853,state_requirement,both,-31.465000000000003
1001300,core_sped,2023-24,146.6246,405,bell_schedule_elementary,167,60.46,2,2,True,76.0275,state_requirement,both,-70.59709999999998
1001300,instructional,2024-25,41.4846,405,bell_schedule_elementary,14109,1445.2,2,1,True,21.5105,state_requirement,both,-19.9741
1001300,instructional_plus_support,2024-25,46.9931,405,bell_schedule_elementary,14109,1637.1,2,1,True,24.3668,state_requirement,both,-22.626299999999997
1001300,instructional_sped,2023-24,360.0,405,bell_schedule_elementary,167,155.38,2,2,True,195.388,state_requirement,both,-164.612
1001300,teachers_core,2024-25,28.5931,405,bell_schedule_elementary,14109,996.1,2,1,True,14.8261,state_requirement,both,-13.767
1001300,teachers_elementary,2024-25,30.6886,405,bell_schedule,6910,523.6,1,1,True,15.9126,state_requirement,both,-14.776000000000002
1001300,teachers_gened,2023-24,28.4038,405,bell_schedule_elementary,14379,1008.44,2,2,True,14.7279,state_requirement,both,-13.6759
1001300,teachers_only,2024-25,28.5931,405,bell_schedule_elementary,14109,996.1,2,1,True,14.8261,state_requirement,both,-13.767
1001300,teachers_secondary,2024-25,26.5818,405,bell_schedule_elementary,7199,472.5,2,1,True,13.7832,state_requirement,both,-12.7986
1100008,all,2024-25,94.6262,390,bell_schedule,3983,966.4,1,1,True,87.3472,default,both,-7.278999999999996
1100008,core_sped,2023-24,264.0733,390,bell_schedule,45,30.47,1,2,True,243.76,default,both,-20.313300000000027
1100008,instructional,2024-25,59.0826,390,bell_schedule,3983,603.4,1,1,True,54.5378,default,both,-4.544800000000002
1100008,instructional_plus_support,2024-25,70.343,390,bell_schedule,3983,718.4,1,1,True,64.932,default,both,-5.411000000000001
1100008,teachers_core,2024-25,35.6806,390,bell_schedule,3983,364.4,1,1,True,32.936,default,both,-2.7445999999999984
1100008,teachers_elementary,2024-25,38.928,390,bell_schedule,1895,189.15,1,1,True,35.9335,default,both,-2.994499999999995
1100008,teachers_gened,2023-24,35.024,390,bell_schedule,4466,401.07,1,2,True,32.3299,default,both,-2.694099999999999
1100008,teachers_only,2024-25,35.6806,390,bell_schedule,3983,364.4,1,1,True,32.936,default,both,-2.7445999999999984
1100008,teachers_secondary,2024-25,32.7335,390,bell_schedule,2088,175.25,1,1,True,30.2155,default,both,-2.5180000000000007
1100030,all,2024-25,82.6912,390,bell_schedule,46540,9867.82,1,0,True,76.3304,default,both,-6.360799999999998
1100030,core_sped,2023-24,264.0613,390,bell_schedule,548,371.04,1,1,True,243.7489,default,both,-20.312400000000025
1100030,instructional,2024-25,45.768,390,bell_schedule,46540,5461.65,1,0,True,42.2474,default,both,-3.5206000000000017
1100030,instructional_plus_support,2024-25,54.8289,390,bell_schedule,46540,6542.92,1,0,True,50.6113,default,both,-4.217599999999997
1100030,teachers_core,2024-25,35.2761,390,bell_schedule,46540,4209.61,1,0,True,32.5625,default,both,-2.7135999999999996
1100030,teachers_elementary,2024-25,39.0804,390,bell_schedule,23911,2396.03,1,0,True,36.0742,default,both,-3.0061999999999998
1100030,teachers_gened,2023-24,32.2292,390,bell_schedule,50746,4193.6,1,1,True,29.75,default,both,-2.4791999999999987
1100030,teachers_only,2024-25,35.2761,390,bell_schedule,46540,4209.61,1,0,True,32.5625,default,both,-2.7135999999999996
1100030,teachers_secondary,2024-25,31.8115,390,bell_schedule,22234,1813.58,1,0,True,29.3644,default,both,-2.447099999999999
1100031,all,2024-25,68.9191,345,bell_schedule,6441,1286.69,1,1,True,71.9156,default,both,2.9964999999999975
1100031,core_sped,2023-24,233.6143,345,bell_schedule,77,52.14,1,2,True,243.7714,default,both,10.157100000000014
1100031,instructional,2024-25,40.4771,345,bell_schedule,6441,755.69,1,1,True,42.237,default,both,1.7599000000000018
1100031,instructional_plus_support,2024-25,48.0193,345,bell_schedule,6441,896.5,1,1,True,50.1071,default,both,2.0878000000000014
1100031,instructional_sped,2023-24,355.2604,345,bell_schedule,77,79.29,1,2,True,360.0,default,both,4.739599999999996
1100031,teachers_core,2024-25,26.7323,345,bell_schedule,6441,499.08,1,1,True,27.8946,default,both,1.1623000000000019
1100031,teachers_elementary,2024-25,28.0096,375,bell_schedule,3446,257.39,1,1,True,26.8893,default,both,-1.1203000000000003
1100031,teachers_gened,2023-24,25.2308,345,bell_schedule,7246,529.92,1,2,True,26.3278,default,both,1.0970000000000013
1100031,teachers_only,2024-25,26.7323,345,bell_schedule,6441,499.08,1,1,True,27.8946,default,both,1.1623000000000019
1100031,teachers_secondary,2024-25,27.8408,345,bell_schedule,2995,241.69,1,1,True,29.0512,default,both,1.2104
1200180,all,2024-25,45.1692,420,bell_schedule,240588,25874.19,1,1,True,32.2637,state_requirement,both,-12.905499999999996
1200180,core_sped,2023-24,165.9604,420,bell_schedule,2226,879.59,1,2,True,118.5431,state_requirement,both,-47.4173
1200180,instructional,2024-25,25.0833,420,bell_schedule,240588,14368.42,1,1,True,17.9166,state_requirement,both,-7.166700000000002
1200180,instructional_plus_support,2024-25,30.0192,420,bell_schedule,240588,17195.86,1,1,True,21.4423,state_requirement,both,-8.576900000000002
1200180,instructional_sped,2023-24,281.4962,420,bell_schedule,2226,1491.93,1,2,True,201.0687,state_requirement,both,-80.42749999999998
1200180,teachers_core,2024-25,19.5717,420,bell_schedule,240588,11211.22,1,1,True,13.9798,state_requirement,both,-5.591900000000001
1200180,teachers_elementary,2024-25,15.7398,360,bell_schedule,105633,4618.46,1,1,True,12.2421,state_requirement,both,-3.4977
1200180,teachers_gened,2023-24,19.3612,420,bell_schedule,249182,11486.79,1,2,True,13.8294,state_requirement,both,-5.5318000000000005
1200180,teachers_only,2024-25,16.7594,420,bell_schedule,240588,9600.26,1,1,True,11.971,state_requirement,both,-4.788399999999999
1200180,teachers_secondary,2024-25,15.5041,420,bell_schedule,134955,4981.8,1,1,True,11.0744,state_requirement,both,-4.429699999999999
1200390,all,2024-25,44.9877,410,bell_schedule,323888,35539.0,1,1,True,32.9179,state_requirement,both,-12.069799999999994
1200390,core_sped,2023-24,162.0095,410,bell_schedule,2239,884.73,1,2,True,118.5435,state_requirement,both,-43.46600000000001
1200390,instructional,2024-25,25.7921,410,bell_schedule,323888,20375.0,1,1,True,18.8723,state_requirement,both,-6.919800000000002
1200390,instructional_plus_support,2024-25,31.8012,410,bell_schedule,323888,25122.0,1,1,True,23.2692,state_requirement,both,-8.532
1200390,instructional_sped,2023-24,274.7934,410,bell_schedule,2239,1500.64,1,2,True,201.0683,state_requirement,both,-73.72510000000003
1200390,teachers_core,2024-25,21.6957,410,bell_schedule,323888,17139.0,1,1,True,15.8749,state_requirement,both,-5.820799999999998
1200390,teachers_elementary,2024-25,20.7696,390,bell_schedule,139892,7450.0,1,1,True,14.9115,state_requirement,both,-5.8581
1200390,teachers_gened,2023-24,19.5099,410,bell_schedule,333261,15858.27,1,2,True,14.2755,state_requirement,both,-5.234399999999999
1200390,teachers_only,2024-25,17.2057,410,bell_schedule,323888,13592.0,1,1,True,12.5895,state_requirement,both,-4.616200000000001
1200390,teachers_secondary,2024-25,13.6863,410,bell_schedule,183996,6142.0,1,1,True,10.0143,state_requirement,both,-3.671999999999999
1201440,all,2024-25,50.3987,420,bell_schedule,202347,24281.0,1,1,True,35.9991,state_requirement,both,-14.3996
1201440,core_sped,2023-24,165.9623,420,bell_schedule,1482,585.61,1,2,True,118.5445,state_requirement,both,-47.4178
1201440,instructional,2024-25,28.7082,420,bell_schedule,202347,13831.0,1,1,True,20.5059,state_requirement,both,-8.202300000000001
1201440,instructional_plus_support,2024-25,35.9937,420,bell_schedule,202347,17341.0,1,1,True,25.7098,state_requirement,both,-10.283899999999996
1201440,instructional_sped,2023-24,281.4964,420,bell_schedule,1482,993.28,1,2,True,201.0688,state_requirement,both,-80.42759999999998
1201440,teachers_core,2024-25,23.4444,420,bell_schedule,202347,11295.0,1,1,True,16.746,state_requirement,both,-6.698400000000003
1201440,teachers_elementary,2024-25,20.9525,375,bell_schedule,88826,4963.0,1,1,True,15.6445,state_requirement,both,-5.308
1201440,teachers_gened,2023-24,22.2104,420,bell_schedule,205333,10858.39,1,2,True,15.8646,state_requirement,both,-6.3458000000000006
1201440,teachers_only,2024-25,20.4887,420,bell_schedule,202347,9871.0,1,1,True,14.6348,state_requirement,both,-5.853900000000001
1201440,teachers_secondary,2024-25,18.1584,420,bell_schedule,113521,4908.0,1,1,True,12.9703,state_requirement,both,-5.1881
1201530,all,2024-25,53.5766,380,bell_schedule,85109,11999.6,1,1,True,42.2973,state_requirement,both,-11.2793
1201530,core_sped,2023-24,150.1553,380,bell_schedule,927,366.3,1,2,True,118.5437,state_requirement,both,-31.61160000000001
1201530,instructional,2024-25,29.4842,380,bell_schedule,85109,6603.61,1,1,True,23.277,state_requirement,both,-6.2072
1201530,instructional_plus_support,2024-25,37.0322,380,bell_schedule,85109,8294.15,1,1,True,29.236,state_requirement,both,-7.7962000000000025
1201530,instructional_sped,2023-24,254.6861,380,bell_schedule,927,621.3,1,2,True,201.068,state_requirement,both,-53.6181
1201530,teachers_core,2024-25,22.9436,380,bell_schedule,85109,5138.71,1,1,True,18.1134,state_requirement,both,-4.830200000000001
1201530,teachers_elementary,2024-25,19.9388,370,bell_schedule,38005,2048.04,1,1,True,15.0888,state_requirement,both,-4.85
1201530,teachers_gened,2023-24,20.5829,380,bell_schedule,84928,4600.18,1,2,True,16.2497,state_requirement,both,-4.333199999999998
1201530,teachers_only,2024-25,18.2447,380,bell_schedule,85109,4086.28,1,1,True,14.4037,state_requirement,both,-3.841000000000001
1201530,teachers_secondary,2024-25,16.443,380,bell_schedule,47104,2038.24,1,1,True,12.9813,state_requirement,both,-3.461700000000002
1302280,all,2024-25,57.7817,400,bell_schedule_middle,84883,12261.7,2,1,True,47.6699,state_requirement,both,-10.111800000000002
1302280,core_sped,2023-24,238.9839,400,bell_schedule_middle,622,371.62,2,2,True,197.1617,state_requirement,both,-41.82220000000001
1302280,instructional,2024-25,34.8989,400,bell_schedule_middle,84883,7405.8,2,1,True,28.7916,state_requirement,both,-6.107299999999999
1302280,instructional_plus_support,2024-25,38.9359,400,bell_schedule_middle,84883,8262.5,2,1,True,32.1222,state_requirement,both,-6.813699999999997
1302280,instructional_sped,2023-24,360.0,400,bell_schedule_middle,622,616.9,2,2,True,327.2942,state_requirement,both,-32.70580000000001
1302280,teachers_core,2024-25,28.3237,400,bell_schedule_middle,84883,6010.5,2,1,True,23.367,state_requirement,both,-4.956699999999998
1302280,teachers_elementary,2024-25,26.0549,370,bell_schedule,35333,2488.1,1,1,True,20.0693,state_requirement,both,-5.985600000000002
1302280,teachers_gened,2023-24,26.3025,400,bell_schedule_middle,87421,5748.48,2,2,True,21.6996,state_requirement,both,-4.602899999999998
1302280,teachers_only,2024-25,23.7664,400,bell_schedule_middle,84883,5043.4,2,1,True,19.6072,state_requirement,both,-4.159200000000002
1302280,teachers_secondary,2024-25,20.6281,400,bell_schedule_middle,49550,2555.3,2,1,True,17.0181,state_requirement,both,-3.6099999999999994
1600930,all,2024-25,40.1553,428,bell_schedule,13489,1265.55,1,1,True,30.9609,state_requirement,both,-9.194399999999998
1600930,core_sped,2023-24,360.0,428,bell_schedule,68,67.12,1,2,True,325.7294,state_requirement,both,-34.2706
1600930,instructional,2024-25,28.3339,428,bell_schedule,13489,892.98,1,1,True,21.8462,state_requirement,both,-6.4877
1600930,instructional_plus_support,2024-25,30.0038,428,bell_schedule,13489,945.61,1,1,True,23.1338,state_requirement,both,-6.869999999999997
1600930,teachers_core,2024-25,21.8198,428,bell_schedule,13489,687.68,1,1,True,16.8237,state_requirement,both,-4.996100000000002
1600930,teachers_elementary,2024-25,28.6614,428,bell_schedule_high,5728,383.58,2,1,True,18.7504,state_requirement,both,-9.911000000000001
1600930,teachers_gened,2023-24,19.9112,428,bell_schedule,13578,631.67,1,2,True,15.3521,state_requirement,both,-4.559100000000001
1600930,teachers_only,2024-25,21.8198,428,bell_schedule,13489,687.68,1,1,True,16.8237,state_requirement,both,-4.996100000000002
1600930,teachers_secondary,2024-25,16.7704,428,bell_schedule,7761,304.1,1,1,True,12.9304,state_requirement,both,-3.839999999999998
1602100,all,2024-25,32.7113,344,bell_schedule,38358,3647.5,1,1,True,31.38,state_requirement,both,-1.3313000000000024
1602100,core_sped,2023-24,339.5299,344,bell_schedule,177,174.7,1,2,True,325.7119,state_requirement,both,-13.817999999999984
1602100,instructional,2024-25,22.2758,344,bell_schedule,38358,2483.88,1,1,True,21.3692,state_requirement,both,-0.906600000000001
1602100,instructional_plus_support,2024-25,24.159,344,bell_schedule,38358,2693.87,1,1,True,23.1758,state_requirement,both,-0.9832000000000001
1602100,teachers_core,2024-25,18.607,344,bell_schedule,38358,2074.79,1,1,True,17.8497,state_requirement,both,-0.7573000000000008
1602100,teachers_elementary,2024-25,24.0069,345,bell_schedule,15545,1081.7,1,1,True,19.4838,state_requirement,both,-4.523100000000003
1602100,teachers_gened,2023-24,17.0984,344,bell_schedule,38814,1929.24,1,2,True,16.4026,state_requirement,both,-0.695800000000002
1602100,teachers_only,2024-25,18.607,344,bell_schedule,38358,2074.79,1,1,True,17.8497,state_requirement,both,-0.7573000000000008
1602100,teachers_secondary,2024-25,14.9749,344,bell_schedule,22813,993.09,1,1,True,14.3655,state_requirement,both,-0.609399999999999
1709930,all,2024-25,54.4066,435,bell_schedule,307106,38410.57,1,1,True,37.5218,state_requirement,both,-16.8848
1709930,core_sped,2023-24,279.5536,435,bell_schedule,3111,1999.29,1,2,True,192.7956,state_requirement,both,-86.75800000000001
1709930,instructional,2024-25,47.2653,435,bell_schedule,307106,33368.89,1,1,True,32.5968,state_requirement,both,-14.668500000000002
1709930,instructional_plus_support,2024-25,51.0797,435,bell_schedule,307106,36061.82,1,1,True,35.2274,state_requirement,both,-15.8523
1709930,teachers_core,2024-25,33.3268,435,bell_schedule,307106,23528.39,1,1,True,22.984,state_requirement,both,-10.342799999999997
1709930,teachers_elementary,2024-25,51.1647,420,bell_schedule,136021,16570.19,1,1,True,32.8916,state_requirement,both,-18.273100000000007
1709930,teachers_gened,2023-24,28.8939,435,bell_schedule,319698,21235.22,1,2,True,19.9268,state_requirement,both,-8.967099999999999
1709930,teachers_only,2024-25,33.3268,435,bell_schedule,307106,23528.39,1,1,True,22.984,state_requirement,both,-10.342799999999997
1709930,teachers_secondary,2024-25,17.6919,435,bell_schedule,171085,6958.2,1,1,True,12.2013,state_requirement,both,-5.490600000000001
1906540,all,2024-25,62.4313,365,bell_schedule_middle,14389,2461.16,2,1,True,61.576,state_requirement,both,-0.8552999999999997
1906540,instructional,2024-25,38.3665,365,bell_schedule_middle,14389,1512.48,2,1,True,37.8409,state_requirement,both,-0.5256000000000043
1906540,instructional_plus_support,2024-25,44.5034,365,bell_schedule_middle,14389,1754.41,2,1,True,43.8938,state_requirement,both,-0.6096000000000004
1906540,teachers_core,2024-25,25.9247,365,bell_schedule_middle,14389,1022.0,2,1,True,25.5695,state_requirement,both,-0.35519999999999996
1906540,teachers_elementary,2024-25,36.5782,330,bell_schedule,6537,724.58,1,1,True,39.9034,state_requirement,both,3.3251999999999953
1906540,teachers_gened,2023-24,22.4382,365,bell_schedule_middle,15509,953.41,2,2,True,22.1309,state_requirement,both,-0.3072999999999979
1906540,teachers_only,2024-25,25.9247,365,bell_schedule_middle,14389,1022.0,2,1,True,25.5695,state_requirement,both,-0.35519999999999996
1906540,teachers_secondary,2024-25,13.8256,365,bell_schedule_middle,7852,297.42,2,1,True,13.6362,state_requirement,both,-0.18939999999999912
1908970,all,2024-25,69.5947,420,bell_schedule_elementary,28341,4696.15,2,1,True,59.6526,state_requirement,both,-9.942100000000003
1908970,instructional,2024-25,44.8943,420,bell_schedule_elementary,28341,3029.4,2,1,True,38.4808,state_requirement,both,-6.413499999999999
1908970,instructional_plus_support,2024-25,51.9792,420,bell_schedule_elementary,28341,3507.48,2,1,True,44.5536,state_requirement,both,-7.425599999999996
1908970,teachers_core,2024-25,29.4671,420,bell_schedule_elementary,28341,1988.4,2,1,True,25.2575,state_requirement,both,-4.209599999999998
1908970,teachers_elementary,2024-25,47.9659,420,bell_schedule,13069,1492.54,1,1,True,41.1137,state_requirement,both,-6.852199999999996
1908970,teachers_gened,2023-24,25.9209,420,bell_schedule_elementary,30087,1856.86,2,2,True,22.2179,state_requirement,both,-3.7029999999999994
1908970,teachers_only,2024-25,29.4671,420,bell_schedule_elementary,28341,1988.4,2,1,True,25.2575,state_requirement,both,-4.209599999999998
1908970,teachers_secondary,2024-25,13.6368,420,bell_schedule_elementary,15272,495.86,2,1,True,11.6887,state_requirement,both,-1.9480999999999984
1914700,all,2024-25,67.0072,390,bell_schedule_middle,14415,2476.69,2,1,True,61.8528,state_requirement,both,-5.154399999999995
1914700,instructional,2024-25,40.5946,390,bell_schedule_middle,14415,1500.44,2,1,True,37.472,state_requirement,both,-3.1225999999999985
1914700,instructional_plus_support,2024-25,51.9445,390,bell_schedule_middle,14415,1919.95,2,1,True,47.9488,state_requirement,both,-3.9956999999999994
1914700,teachers_core,2024-25,28.6871,390,bell_schedule_middle,14415,1060.32,2,1,True,26.4804,state_requirement,both,-2.2067000000000014
1914700,teachers_elementary,2024-25,40.0638,335,bell_schedule,6320,755.83,1,1,True,43.0536,state_requirement,both,2.9898000000000025
1914700,teachers_gened,2023-24,26.1612,390,bell_schedule_middle,14726,987.82,2,2,True,24.1488,state_requirement,both,-2.0123999999999995
1914700,teachers_only,2024-25,28.6871,390,bell_schedule_middle,14415,1060.32,2,1,True,26.4804,state_requirement,both,-2.2067000000000014
1914700,teachers_secondary,2024-25,14.6697,390,bell_schedule_middle,8095,304.49,2,1,True,13.5412,state_requirement,both,-1.1285000000000007
2102990,all,2024-25,64.0358,420,bell_schedule,93314,14227.22,1,1,True,53.973,state_requirement,both,-10.062799999999996
2102990,core_sped,2023-24,360.0,420,bell_schedule,476,429.26,1,2,True,319.2396,state_requirement,both,-40.760400000000004
2102990,instructional,2024-25,36.364,420,bell_schedule,93314,8079.22,1,1,True,30.6497,state_requirement,both,-5.714299999999998
2102990,instructional_plus_support,2024-25,41.063,420,bell_schedule,93314,9123.22,1,1,True,34.6102,state_requirement,both,-6.452800000000003
2102990,teachers_core,2024-25,27.5197,420,bell_schedule,93314,6114.22,1,1,True,23.1952,state_requirement,both,-4.3245000000000005
2102990,teachers_elementary,2024-25,33.3987,410,bell_schedule,43192,3518.43,1,1,True,28.8369,state_requirement,both,-4.561799999999998
2102990,teachers_gened,2023-24,25.8051,420,bell_schedule,94317,5794.9,1,2,True,21.75,state_requirement,both,-4.0550999999999995
2102990,teachers_only,2024-25,23.1257,420,bell_schedule,93314,5137.98,1,1,True,19.4917,state_requirement,both,-3.633999999999997
2102990,teachers_secondary,2024-25,13.6167,420,bell_schedule,49954,1619.55,1,1,True,11.477,state_requirement,both,-2.1396999999999995
2302820,all,2024-25,64.5288,360,bell_schedule,3305,592.41,1,1,True,53.774,state_requirement,both,-10.754800000000003
2302820,core_sped,2023-24,293.5,360,bell_schedule,36,29.35,1,2,True,244.5833,state_requirement,both,-48.91669999999999
2302820,instructional,2024-25,43.1248,360,bell_schedule,3305,395.91,1,1,True,35.9374,state_requirement,both,-7.187400000000004
2302820,instructional_plus_support,2024-25,51.5339,360,bell_schedule,3305,473.11,1,1,True,42.9449,state_requirement,both,-8.589000000000006
2302820,teachers_core,2024-25,30.0646,360,bell_schedule,3305,276.01,1,1,True,25.0539,state_requirement,both,-5.0107
2302820,teachers_elementary,2024-25,45.4829,365,bell_schedule,1516,188.91,1,1,True,26.1683,state_requirement,both,-19.314600000000002
2302820,teachers_gened,2023-24,26.2097,360,bell_schedule,3398,247.39,1,2,True,21.8414,state_requirement,both,-4.368300000000001
2302820,teachers_only,2024-25,29.3239,360,bell_schedule,3305,269.21,1,1,True,24.4366,state_requirement,both,-4.8873
2302820,teachers_secondary,2024-25,16.1587,360,bell_schedule,1789,80.3,1,1,True,13.4656,state_requirement,both,-2.6930999999999994
2307320,all,2024-25,70.3504,330,bell_schedule,5083,1083.61,1,0,True,63.9549,state_requirement,both,-6.395499999999991
2307320,core_sped,2023-24,269.0553,330,bell_schedule,47,38.32,1,1,True,244.5957,state_requirement,both,-24.459599999999995
2307320,instructional,2024-25,45.4138,330,bell_schedule,5083,699.51,1,0,True,41.2853,state_requirement,both,-4.1285000000000025
2307320,instructional_plus_support,2024-25,55.4443,330,bell_schedule,5083,854.01,1,0,True,50.4039,state_requirement,both,-5.040399999999998
2307320,teachers_core,2024-25,30.2609,330,bell_schedule,5083,466.11,1,0,True,27.5099,state_requirement,both,-2.7510000000000012
2307320,teachers_elementary,2024-25,47.429,330,bell_schedule,2269,326.11,1,0,True,30.1821,state_requirement,both,-17.246900000000004
2307320,teachers_gened,2023-24,28.2577,330,bell_schedule,5100,436.71,1,1,True,25.6888,state_requirement,both,-2.5688999999999993
2307320,teachers_only,2024-25,30.2609,330,bell_schedule,5083,466.11,1,0,True,27.5099,state_requirement,both,-2.7510000000000012
2307320,teachers_secondary,2024-25,16.4179,330,bell_schedule,2814,140.0,1,0,True,14.9254,state_requirement,both,-1.4924999999999997
2400480,all,2024-25,62.1157,405,bell_schedule,154791,23740.62,1,1,True,51.8398,state_requirement,both,-10.2759
2400480,core_sped,2023-24,310.4177,405,bell_schedule,1083,830.08,1,2,True,259.0647,state_requirement,both,-51.35300000000001
2400480,instructional,2024-25,37.5429,405,bell_schedule,154791,14348.91,1,1,True,31.3321,state_requirement,both,-6.2108000000000025
2400480,instructional_plus_support,2024-25,42.3714,405,bell_schedule,154791,16194.35,1,1,True,35.3618,state_requirement,both,-7.009599999999999
2400480,teachers_core,2024-25,29.638,405,bell_schedule,154791,11327.64,1,1,True,24.7349,state_requirement,both,-4.903100000000002
2400480,teachers_elementary,2024-25,40.5621,405,bell_schedule,67074,6717.69,1,1,True,33.8519,state_requirement,both,-6.7102
2400480,teachers_gened,2023-24,27.6951,405,bell_schedule,159140,10882.46,1,2,True,23.1134,state_requirement,both,-4.581700000000001
2400480,teachers_only,2024-25,29.638,405,bell_schedule,154791,11327.64,1,1,True,24.7349,state_requirement,both,-4.903100000000002
2400480,teachers_secondary,2024-25,21.2847,405,bell_schedule,87717,4609.95,1,1,True,17.7635,state_requirement,both,-3.5212000000000003
2507110,all,2024-25,54.4311,350,bell_schedule,16004,2488.9,1,1,True,51.3207,state_requirement,both,-3.1103999999999985
2507110,core_sped,2023-24,119.6829,350,bell_schedule,164,56.08,1,2,True,112.8439,state_requirement,both,-6.838999999999999
2507110,instructional,2024-25,38.4051,350,bell_schedule,16004,1756.1,1,1,True,36.2105,state_requirement,both,-2.194599999999994
2507110,instructional_plus_support,2024-25,44.6401,350,bell_schedule,16004,2041.2,1,1,True,42.0892,state_requirement,both,-2.5508999999999986
2507110,instructional_sped,2023-24,360.0,350,bell_schedule,164,169.43,1,2,True,340.9262,state_requirement,both,-19.073800000000006
2507110,teachers_core,2024-25,29.0449,350,bell_schedule,16004,1328.1,1,1,True,27.3852,state_requirement,both,-1.6596999999999973
2507110,teachers_elementary,2024-25,39.3966,300,bell_schedule,7133,936.72,1,1,True,37.4268,state_requirement,both,-1.9697999999999993
2507110,teachers_gened,2023-24,27.7215,350,bell_schedule,15858,1256.02,1,2,True,26.1374,state_requirement,both,-1.5840999999999994
2507110,teachers_only,2024-25,29.0449,350,bell_schedule,16004,1328.1,1,1,True,27.3852,state_requirement,both,-1.6596999999999973
2507110,teachers_secondary,2024-25,15.538,350,bell_schedule,8816,391.38,1,1,True,14.6501,state_requirement,both,-0.8879000000000001
2513230,teachers_elementary,2024-25,38.1521,330,bell_schedule_middle,10758,1243.76,2,1,True,32.9496,state_requirement,both,-5.202500000000001
2801320,all,2024-25,57.2359,440,bell_schedule,34526,4491.2,1,1,True,42.927,state_requirement,both,-14.308900000000001
2801320,core_sped,2023-24,276.842,440,bell_schedule,381,239.72,1,2,True,207.6315,state_requirement,both,-69.2105
2801320,instructional,2024-25,37.8905,440,bell_schedule,34526,2973.2,1,1,True,28.4179,state_requirement,both,-9.472600000000003
2801320,instructional_plus_support,2024-25,41.9941,440,bell_schedule,34526,3295.2,1,1,True,31.4956,state_requirement,both,-10.498500000000003
2801320,instructional_sped,2023-24,348.5816,440,bell_schedule,381,301.84,1,2,True,261.4362,state_requirement,both,-87.1454
2801320,teachers_core,2024-25,28.9187,440,bell_schedule,34526,2269.2,1,1,True,21.689,state_requirement,both,-7.229700000000001
2801320,teachers_elementary,2024-25,31.6512,415,bell_schedule,15262,1164.0,1,1,True,25.1684,state_requirement,both,-6.482800000000001
2801320,teachers_gened,2023-24,27.799,440,bell_schedule,34438,2175.78,1,2,True,20.8493,state_requirement,both,-6.9497
2801320,teachers_only,2024-25,22.6079,440,bell_schedule,34526,1774.0,1,1,True,16.9559,state_requirement,both,-5.652000000000001
2801320,teachers_secondary,2024-25,13.9508,440,bell_schedule,19239,610.0,1,1,True,10.4631,state_requirement,both,-3.4876999999999985
3013050,all,2024-25,44.6151,365,bell_schedule,2960,361.81,1,1,True,42.7816,state_requirement,both,-1.8335000000000008
3013050,core_sped,2023-24,183.3111,365,bell_schedule,18,9.04,1,2,True,175.7778,state_requirement,both,-7.533299999999997
3013050,instructional,2024-25,26.5291,365,bell_schedule,2960,215.14,1,1,True,25.4389,state_requirement,both,-1.0901999999999994
3013050,instructional_plus_support,2024-25,29.3874,365,bell_schedule,2960,238.32,1,1,True,28.1797,state_requirement,both,-1.207699999999999
3013050,teachers_core,2024-25,23.3464,365,bell_schedule,2960,189.33,1,1,True,22.387,state_requirement,both,-0.9593999999999987
3013050,teachers_gened,2023-24,22.7544,365,bell_schedule,3046,189.89,1,2,True,21.8193,state_requirement,both,-0.935100000000002
3013050,teachers_only,2024-25,23.3464,365,bell_schedule,2960,189.33,1,1,True,22.387,state_requirement,both,-0.9593999999999987
3013050,teachers_secondary,2024-25,23.3464,365,bell_schedule,2960,189.33,1,1,True,22.387,state_requirement,both,-0.9593999999999987
3172840,all,2024-25,62.9047,420,bell_schedule,40365,6045.59,1,1,True,53.9183,state_requirement,both,-8.986399999999996
3172840,instructional,2024-25,35.6573,420,bell_schedule,40365,3426.92,1,1,True,30.5634,state_requirement,both,-5.093899999999998
3172840,instructional_plus_support,2024-25,39.9016,420,bell_schedule,40365,3834.83,1,1,True,34.2014,state_requirement,both,-5.700200000000002
3172840,teachers_core,2024-25,30.1542,420,bell_schedule,40365,2898.03,1,1,True,25.8464,state_requirement,both,-4.3078
3172840,teachers_elementary,2024-25,48.4263,420,bell_schedule_high,17688,2039.44,2,1,True,36.3197,state_requirement,both,-12.1066
3172840,teachers_gened,2023-24,28.6778,420,bell_schedule,41435,2829.2,1,2,True,24.581,state_requirement,both,-4.096800000000002
3172840,teachers_only,2024-25,30.1542,420,bell_schedule,40365,2898.03,1,1,True,25.8464,state_requirement,both,-4.3078
3172840,teachers_secondary,2024-25,15.9019,420,bell_schedule,22677,858.59,1,1,True,13.6302,state_requirement,both,-2.271699999999999
3173740,all,2024-25,52.9613,435,bell_schedule,22479,2736.82,1,1,True,43.83,state_requirement,both,-9.131300000000003
3173740,instructional,2024-25,34.5804,435,bell_schedule,22479,1786.97,1,1,True,28.6182,state_requirement,both,-5.962199999999996
3173740,instructional_plus_support,2024-25,38.0588,435,bell_schedule,22479,1966.72,1,1,True,31.4969,state_requirement,both,-6.561899999999998
3173740,teachers_core,2024-25,28.7173,435,bell_schedule,22479,1483.99,1,1,True,23.766,state_requirement,both,-4.951300000000003
3173740,teachers_elementary,2024-25,44.207,420,bell_schedule,9770,1028.34,1,1,True,33.1553,state_requirement,both,-11.051700000000004
3173740,teachers_gened,2023-24,26.6675,435,bell_schedule,23210,1422.88,1,2,True,22.0697,state_requirement,both,-4.597799999999999
3173740,teachers_only,2024-25,28.7173,435,bell_schedule,22479,1483.99,1,1,True,23.766,state_requirement,both,-4.951300000000003
3173740,teachers_secondary,2024-25,15.5959,435,bell_schedule,12709,455.65,1,1,True,12.9069,state_requirement,both,-2.689
3200390,all,2024-25,33.382,340,bell_schedule,7290,715.75,1,1,True,32.4002,state_requirement,both,-0.9817999999999998
3200390,core_sped,2023-24,150.5831,340,bell_schedule,83,36.76,1,2,True,146.1542,state_requirement,both,-4.428899999999999
3200390,instructional,2024-25,20.8361,340,bell_schedule,7290,446.75,1,1,True,20.2233,state_requirement,both,-0.6128
3200390,instructional_plus_support,2024-25,21.7689,340,bell_schedule,7290,466.75,1,1,True,21.1286,state_requirement,both,-0.6402999999999999
3200390,instructional_sped,2023-24,262.1687,340,bell_schedule,83,64.0,1,2,True,254.4578,state_requirement,both,-7.710900000000009
3200390,teachers_core,2024-25,14.12,340,bell_schedule,7290,302.75,1,1,True,13.7047,state_requirement,both,-0.41529999999999845
3200390,teachers_elementary,2024-25,21.8889,350,bell_schedule,3154,197.25,1,1,True,16.8857,state_requirement,both,-5.0032
3200390,teachers_gened,2023-24,17.9274,340,bell_schedule,7439,392.24,1,2,True,17.4001,state_requirement,both,-0.5273000000000003
3200390,teachers_only,2024-25,12.954,340,bell_schedule,7290,277.75,1,1,True,12.573,state_requirement,both,-0.3810000000000002
3200390,teachers_secondary,2024-25,6.7347,340,bell_schedule,4064,80.5,1,1,True,6.5367,state_requirement,both,-0.1980000000000004
3200480,all,2024-25,45.5288,394,bell_schedule_elementary,63135,7295.58,2,1,True,38.1332,state_requirement,both,-7.395599999999995
3200480,core_sped,2023-24,174.5024,394,bell_schedule_elementary,676,299.4,2,2,True,146.1568,state_requirement,both,-28.34559999999999
3200480,instructional,2024-25,27.479,394,bell_schedule_elementary,63135,4403.27,2,1,True,23.0154,state_requirement,both,-4.4636
3200480,instructional_plus_support,2024-25,29.2657,394,bell_schedule_elementary,63135,4689.57,2,1,True,24.5119,state_requirement,both,-4.753799999999998
3200480,instructional_sped,2023-24,303.823,394,bell_schedule_elementary,676,521.28,2,2,True,254.471,state_requirement,both,-49.351999999999975
3200480,teachers_core,2024-25,20.644,394,bell_schedule_elementary,63135,3308.02,2,1,True,17.2907,state_requirement,both,-3.3532999999999973
3200480,teachers_elementary,2024-25,19.9801,394,bell_schedule,27906,1415.14,1,1,True,13.692,state_requirement,both,-6.2881
3200480,teachers_gened,2023-24,18.7106,394,bell_schedule_elementary,63101,2996.6,2,2,True,15.6714,state_requirement,both,-3.0391999999999992
3200480,teachers_only,2024-25,16.3368,394,bell_schedule_elementary,63135,2617.82,2,1,True,13.6831,state_requirement,both,-2.6537000000000006
3200480,teachers_secondary,2024-25,13.7617,394,bell_schedule_elementary,34433,1202.68,2,1,True,11.5263,state_requirement,both,-2.2353999999999985
3806780,all,2024-25,83.7824,465,bell_schedule,11282,2032.76,1,1,True,63.062,state_requirement,both,-20.720399999999998
3806780,instructional,2024-25,57.928,465,bell_schedule,11282,1405.47,1,1,True,43.6017,state_requirement,both,-14.326299999999996
3806780,instructional_plus_support,2024-25,63.7246,465,bell_schedule,11282,1546.11,1,1,True,47.9648,state_requirement,both,-15.759800000000006
3806780,teachers_core,2024-25,40.0056,465,bell_schedule,11282,970.63,1,1,True,30.1117,state_requirement,both,-9.893900000000002
3806780,teachers_elementary,2024-25,51.5245,382,bell_schedule,5163,696.39,1,1,True,43.2968,state_requirement,both,-8.227700000000006
3806780,teachers_gened,2023-24,36.4702,465,bell_schedule,11437,897.01,1,2,True,27.4507,state_requirement,both,-9.019499999999997
3806780,teachers_only,2024-25,40.0056,465,bell_schedule,11282,970.63,1,1,True,30.1117,state_requirement,both,-9.893900000000002
3806780,teachers_secondary,2024-25,20.8403,465,bell_schedule,6119,274.24,1,1,True,15.6862,state_requirement,both,-5.1541
3904375,all,2024-25,65.1178,390,bell_schedule_elementary,32697,5459.38,2,1,True,55.7676,state_requirement,both,-9.350200000000001
3904375,core_sped,2023-24,157.7416,390,bell_schedule_elementary,421,170.28,2,2,True,135.0915,state_requirement,both,-22.65010000000001
3904375,instructional,2024-25,34.8897,390,bell_schedule_elementary,32697,2925.1,2,1,True,29.8799,state_requirement,both,-5.0097999999999985
3904375,instructional_plus_support,2024-25,46.5334,390,bell_schedule_elementary,32697,3901.29,2,1,True,39.8517,state_requirement,both,-6.681699999999999
3904375,instructional_sped,2023-24,179.2518,390,bell_schedule_elementary,421,193.5,2,2,True,153.5131,state_requirement,both,-25.738699999999994
3904375,teachers_core,2024-25,24.2422,390,bell_schedule_elementary,32697,2032.43,2,1,True,20.7613,state_requirement,both,-3.480900000000002
3904375,teachers_elementary,2024-25,28.1698,390,bell_schedule,15352,1108.88,1,1,True,21.8858,state_requirement,both,-6.283999999999999
3904375,teachers_gened,2023-24,22.442,390,bell_schedule_elementary,34439,1981.74,2,2,True,19.2195,state_requirement,both,-3.2225
3904375,teachers_only,2024-25,23.8868,390,bell_schedule_elementary,32697,2002.63,2,1,True,20.4569,state_requirement,both,-3.4299
3904375,teachers_secondary,2024-25,20.0958,390,bell_schedule_elementary,17345,893.75,2,1,True,17.2103,state_requirement,both,-2.8855000000000004
3904378,all,2024-25,59.0522,330,bell_schedule,31575,5650.22,1,1,True,59.768,state_requirement,both,0.7158000000000015
3904378,core_sped,2023-24,133.479,330,bell_schedule,415,167.86,1,2,True,135.097,state_requirement,both,1.617999999999995
3904378,instructional,2024-25,27.9714,330,bell_schedule,31575,2676.35,1,1,True,28.3104,state_requirement,both,0.3390000000000022
3904378,instructional_plus_support,2024-25,32.3835,330,bell_schedule,31575,3098.51,1,1,True,32.776,state_requirement,both,0.3925000000000054
3904378,instructional_sped,2023-24,151.6807,330,bell_schedule,415,190.75,1,2,True,153.5193,state_requirement,both,1.8385999999999854
3904378,teachers_core,2024-25,19.5364,330,bell_schedule,31575,1869.28,1,1,True,19.7732,state_requirement,both,0.2367999999999988
3904378,teachers_elementary,2024-25,22.3749,330,bell_schedule,13959,946.46,1,1,True,20.5443,state_requirement,both,-1.8306000000000004
3904378,teachers_gened,2023-24,19.3638,330,bell_schedule,33426,1961.38,1,2,True,19.5985,state_requirement,both,0.23470000000000013
3904378,teachers_only,2024-25,19.2075,330,bell_schedule,31575,1837.81,1,1,True,19.4403,state_requirement,both,0.232800000000001
3904378,teachers_secondary,2024-25,16.6976,330,bell_schedule,17616,891.35,1,1,True,16.9,state_requirement,both,0.20239999999999725
4659820,all,2024-25,44.712,355,bell_schedule,12141,1529.15,1,1,True,40.4297,state_requirement,both,-4.282300000000006
4659820,core_sped,2023-24,360.0,355,bell_schedule,47,52.46,1,2,True,358.2906,state_requirement,both,-1.7094000000000165
4659820,instructional,2024-25,28.5836,355,bell_schedule,12141,977.56,1,1,True,25.846,state_requirement,both,-2.7376000000000005
4659820,instructional_plus_support,2024-25,31.6971,355,bell_schedule,12141,1084.04,1,1,True,28.6613,state_requirement,both,-3.0357999999999983
4659820,teachers_core,2024-25,22.2427,355,bell_schedule,12141,760.7,1,1,True,20.1124,state_requirement,both,-2.1302999999999983
4659820,teachers_elementary,2024-25,32.0994,355,bell_schedule_high,5419,489.99,2,1,True,26.4029,state_requirement,both,-5.696500000000004
4659820,teachers_gened,2023-24,21.3989,355,bell_schedule,12385,746.55,1,2,True,19.3494,state_requirement,both,-2.049500000000002
4659820,teachers_only,2024-25,19.8558,355,bell_schedule,12141,679.07,1,1,True,17.9542,state_requirement,both,-1.9015999999999984
4659820,teachers_secondary,2024-25,9.9856,355,bell_schedule,6722,189.08,1,1,True,9.0293,state_requirement,both,-0.9563000000000006
4666270,all,2024-25,73.5695,540,bell_schedule,24212,3298.64,1,1,True,43.733,state_requirement,both,-29.836500000000008
4666270,core_sped,2023-24,360.0,540,bell_schedule,102,113.84,1,2,True,358.2612,state_requirement,both,-1.738800000000026
4666270,instructional,2024-25,45.0166,540,bell_schedule,24212,2018.41,1,1,True,26.7599,state_requirement,both,-18.2567
4666270,instructional_plus_support,2024-25,51.6263,540,bell_schedule,24212,2314.77,1,1,True,30.689,state_requirement,both,-20.9373
4666270,teachers_core,2024-25,36.7165,540,bell_schedule,24212,1646.26,1,1,True,21.8259,state_requirement,both,-14.890600000000003
4666270,teachers_elementary,2024-25,36.1619,390,bell_schedule,11282,1046.1,1,1,True,27.0751,state_requirement,both,-9.086800000000004
4666270,teachers_gened,2023-24,34.0827,540,bell_schedule,25114,1585.1,1,2,True,20.2603,state_requirement,both,-13.822400000000002
4666270,teachers_only,2024-25,33.4589,540,bell_schedule,24212,1500.2,1,1,True,19.8895,state_requirement,both,-13.569399999999998
4666270,teachers_secondary,2024-25,18.9647,540,bell_schedule,12930,454.1,1,1,True,11.2735,state_requirement,both,-7.6912
4700148,all,2023-24,47.5426,420,bell_schedule,105856,11982.55,1,2,True,44.1467,state_requirement,both,-3.3958999999999975
4700148,core_sped,2023-24,247.5272,420,bell_schedule,662,390.15,1,2,True,229.8467,state_requirement,both,-17.680499999999995
4700148,instructional,2023-24,31.5242,420,bell_schedule,105856,7945.29,1,2,True,29.2724,state_requirement,both,-2.2517999999999994
4700148,instructional_plus_support,2023-24,33.2684,420,bell_schedule,105856,8384.91,1,2,True,30.8921,state_requirement,both,-2.3763000000000005
4700148,teachers_core,2023-24,26.131,420,bell_schedule,105856,6586.02,1,2,True,24.2645,state_requirement,both,-1.8664999999999985
4700148,teachers_elementary,2023-24,38.5602,420,bell_schedule,51086,4690.21,1,2,True,31.6745,state_requirement,both,-6.8857000000000035
4700148,teachers_gened,2023-24,24.5,420,bell_schedule,109395,6381.37,1,2,True,22.75,state_requirement,both,-1.75
4700148,teachers_only,2023-24,26.131,420,bell_schedule,105856,6586.02,1,2,True,24.2645,state_requirement,both,-1.8664999999999985
4700148,teachers_secondary,2023-24,14.5379,420,bell_schedule,54770,1895.81,1,2,True,13.4995,state_requirement,both,-1.038400000000001
4703180,all,2023-24,38.7566,420,bell_schedule,78040,7201.34,1,2,True,35.9882,state_requirement,both,-2.7683999999999997
4703180,core_sped,2023-24,247.527,420,bell_schedule,523,308.23,1,2,True,229.8465,state_requirement,both,-17.680499999999995
4703180,instructional,2023-24,31.2725,420,bell_schedule,78040,5810.72,1,2,True,29.0387,state_requirement,both,-2.2338000000000022
4703180,instructional_plus_support,2023-24,33.6076,420,bell_schedule,78040,6244.62,1,2,True,31.2071,state_requirement,both,-2.4004999999999974
4703180,teachers_core,2023-24,25.6562,420,bell_schedule,78040,4767.16,1,2,True,23.8236,state_requirement,both,-1.8325999999999993
4703180,teachers_elementary,2023-24,37.1645,420,bell_schedule,37769,3342.06,1,2,True,30.528,state_requirement,both,-6.636499999999998
4703180,teachers_gened,2023-24,24.1873,420,bell_schedule,79945,4603.93,1,2,True,22.4596,state_requirement,both,-1.7277000000000022
4703180,teachers_only,2023-24,25.6562,420,bell_schedule,78040,4767.16,1,2,True,23.8236,state_requirement,both,-1.8325999999999993
4703180,teachers_secondary,2023-24,14.8629,420,bell_schedule,40271,1425.1,1,2,True,13.8012,state_requirement,both,-1.0617
5000395,all,2024-25,80.6232,420,bell_schedule_elementary,3306,634.62,2,1,True,57.588,state_requirement,both,-23.035199999999996
5000395,core_sped,2023-24,342.3636,420,bell_schedule_elementary,33,26.9,2,2,True,244.5455,state_requirement,both,-97.81810000000002
5000395,instructional,2024-25,56.4218,420,bell_schedule_elementary,3306,444.12,2,1,True,40.3013,state_requirement,both,-16.1205
5000395,instructional_plus_support,2024-25,66.9789,420,bell_schedule_elementary,3306,527.22,2,1,True,47.8421,state_requirement,both,-19.136799999999994
5000395,teachers_core,2024-25,42.0534,420,bell_schedule_elementary,3306,331.02,2,1,True,30.0381,state_requirement,both,-12.015300000000003
5000395,teachers_elementary,2024-25,27.2077,420,bell_schedule,1343,87.0,1,1,True,19.4341,state_requirement,both,-7.773599999999998
5000395,teachers_gened,2023-24,37.1227,420,bell_schedule_elementary,3671,324.47,2,2,True,26.5162,state_requirement,both,-10.6065
5000395,teachers_only,2024-25,29.3466,420,bell_schedule_elementary,3306,231.0,2,1,True,20.9619,state_requirement,both,-8.384699999999999
5000395,teachers_secondary,2024-25,30.81,420,bell_schedule_elementary,1963,144.0,2,1,True,22.0071,state_requirement,both,-8.802899999999998
5000396,all,2024-25,47.4521,355,bell_schedule_elementary,3637,486.15,2,1,True,40.1004,state_requirement,both,-7.351700000000001
5000396,core_sped,2023-24,289.4615,355,bell_schedule_elementary,26,21.2,2,2,True,244.6154,state_requirement,both,-44.84610000000001
5000396,instructional,2024-25,29.5039,355,bell_schedule_elementary,3637,302.27,2,1,True,24.9329,state_requirement,both,-4.5710000000000015
5000396,instructional_plus_support,2024-25,33.8299,355,bell_schedule_elementary,3637,346.59,2,1,True,28.5887,state_requirement,both,-5.241200000000003
5000396,teachers_core,2024-25,25.4308,355,bell_schedule_elementary,3637,260.54,2,1,True,21.4908,state_requirement,both,-3.9400000000000013
5000396,teachers_elementary,2024-25,36.0574,355,bell_schedule,1554,157.84,1,1,True,30.471,state_requirement,both,-5.586400000000001
5000396,teachers_gened,2023-24,23.575,355,bell_schedule_elementary,4107,272.74,2,2,True,19.9226,state_requirement,both,-3.6524
5000396,teachers_only,2024-25,23.4103,355,bell_schedule_elementary,3637,239.84,2,1,True,19.7833,state_requirement,both,-3.626999999999999
5000396,teachers_secondary,2024-25,13.975,355,bell_schedule_elementary,2083,82.0,2,1,True,11.8099,state_requirement,both,-2.165099999999999
5002820,all,2024-25,68.3057,402,bell_schedule_elementary,3045,517.39,2,1,True,50.9744,state_requirement,both,-17.3313
5002820,core_sped,2023-24,327.6948,402,bell_schedule_elementary,31,25.27,2,2,True,244.5484,state_requirement,both,-83.1464
5002820,instructional,2024-25,52.9993,402,bell_schedule_elementary,3045,401.45,2,1,True,39.5517,state_requirement,both,-13.447600000000001
5002820,instructional_plus_support,2024-25,62.1536,402,bell_schedule_elementary,3045,470.79,2,1,True,46.3833,state_requirement,both,-15.770299999999999
5002820,teachers_core,2024-25,41.3948,402,bell_schedule_elementary,3045,313.55,2,1,True,30.8916,state_requirement,both,-10.503199999999996
5002820,teachers_elementary,2024-25,26.0267,402,bell_schedule,1421,92.0,1,1,True,19.4229,state_requirement,both,-6.603800000000003
5002820,teachers_gened,2023-24,33.5595,402,bell_schedule_elementary,3470,289.68,2,2,True,25.0444,state_requirement,both,-8.5151
5002820,teachers_only,2024-25,22.3377,402,bell_schedule_elementary,3045,169.2,2,1,True,16.67,state_requirement,both,-5.6677
5002820,teachers_secondary,2024-25,19.1099,402,bell_schedule_elementary,1624,77.2,2,1,True,14.2611,state_requirement,both,-4.848799999999999
5400060,all,2024-25,66.8397,430,bell_schedule,18957,2946.7,1,1,True,54.0936,state_requirement,both,-12.746099999999991
5400060,core_sped,2023-24,360.0,430,bell_schedule,129,115.07,1,2,True,310.4214,state_requirement,both,-49.578599999999994
5400060,instructional,2024-25,43.3811,430,bell_schedule,18957,1912.5,1,1,True,35.1084,state_requirement,both,-8.2727
5400060,instructional_plus_support,2024-25,47.9222,430,bell_schedule,18957,2112.7,1,1,True,38.7835,state_requirement,both,-9.1387
5400060,teachers_core,2024-25,29.4084,430,bell_schedule,18957,1296.5,1,1,True,23.8003,state_requirement,both,-5.6081
5400060,teachers_elementary,2024-25,35.9358,455,bell_schedule,8390,662.64,1,1,True,25.1156,state_requirement,both,-10.8202
5400060,teachers_gened,2023-24,27.4622,430,bell_schedule,19803,1264.73,1,2,True,22.2252,state_requirement,both,-5.236999999999998
5400060,teachers_only,2024-25,29.4084,430,bell_schedule,18957,1296.5,1,1,True,23.8003,state_requirement,both,-5.6081
5400060,teachers_secondary,2024-25,25.7935,430,bell_schedule,10567,633.86,1,1,True,20.8747,state_requirement,both,-4.918800000000001
5400180,all,2024-25,77.4736,459,bell_schedule_middle,10476,1768.22,2,1,True,58.7381,state_requirement,both,-18.735500000000002
5400180,core_sped,2023-24,360.0,459,bell_schedule_middle,70,62.44,2,2,True,310.416,state_requirement,both,-49.584
5400180,instructional,2024-25,49.4144,459,bell_schedule_middle,10476,1127.81,2,1,True,37.4645,state_requirement,both,-11.9499
5400180,instructional_plus_support,2024-25,54.3395,459,bell_schedule_middle,10476,1240.22,2,1,True,41.1986,state_requirement,both,-13.140900000000002
5400180,teachers_core,2024-25,37.4092,459,bell_schedule_middle,10476,853.81,2,1,True,28.3625,state_requirement,both,-9.046699999999998
5400180,teachers_elementary,2024-25,42.9979,459,bell_schedule_middle,4729,443.0,2,1,True,29.7894,state_requirement,both,-13.2085
5400180,teachers_gened,2023-24,33.8758,459,bell_schedule_middle,11379,839.81,2,2,True,25.6836,state_requirement,both,-8.1922
5400180,teachers_only,2024-25,37.4092,459,bell_schedule_middle,10476,853.81,2,1,True,28.3625,state_requirement,both,-9.046699999999998
5400180,teachers_secondary,2024-25,32.8105,459,bell_schedule_middle,5747,410.81,2,1,True,24.8759,state_requirement,both,-7.934599999999996
5400600,all,2024-25,68.3844,420,bell_schedule_elementary,21751,3541.5,2,1,True,56.6614,state_requirement,both,-11.722999999999999
5400600,core_sped,2023-24,360.0,420,bell_schedule_elementary,152,135.59,2,2,True,310.4297,state_requirement,both,-49.570299999999975
5400600,instructional,2024-25,42.5194,420,bell_schedule_elementary,21751,2202.0,2,1,True,35.2304,state_requirement,both,-7.288999999999994
5400600,instructional_plus_support,2024-25,47.4144,420,bell_schedule_elementary,21751,2455.5,2,1,True,39.2862,state_requirement,both,-8.1282
5400600,teachers_core,2024-25,32.6942,420,bell_schedule_elementary,21751,1693.17,2,1,True,27.0895,state_requirement,both,-5.604700000000001
5400600,teachers_elementary,2024-25,43.177,420,bell_schedule,9374,963.67,1,1,True,32.6912,state_requirement,both,-10.485799999999998
5400600,teachers_gened,2023-24,29.9594,420,bell_schedule_elementary,23281,1660.68,2,2,True,24.8235,state_requirement,both,-5.1358999999999995
5400600,teachers_only,2024-25,32.5783,420,bell_schedule_elementary,21751,1687.17,2,1,True,26.9935,state_requirement,both,-5.584799999999998
5400600,teachers_secondary,2024-25,24.5512,420,bell_schedule_elementary,12377,723.5,2,1,True,20.3424,state_requirement,both,-4.2088
5600730,all,2024-25,70.5391,385,bell_schedule,3710,679.74,1,1,True,67.0579,state_requirement,both,-3.481200000000001
5600730,core_sped,2023-24,286.6967,385,bell_schedule,15,11.17,1,2,True,272.548,state_requirement,both,-14.14870000000002
5600730,instructional,2024-25,44.5241,385,bell_schedule,3710,429.05,1,1,True,42.3268,state_requirement,both,-2.1972999999999985
5600730,instructional_plus_support,2024-25,50.6342,385,bell_schedule,3710,487.93,1,1,True,48.1354,state_requirement,both,-2.498800000000003
5600730,teachers_core,2024-25,32.6669,385,bell_schedule,3710,314.79,1,1,True,31.0548,state_requirement,both,-1.612099999999998
5600730,teachers_elementary,2024-25,37.6061,358,bell_schedule,1665,174.9,1,1,True,31.5135,state_requirement,both,-6.092599999999997
5600730,teachers_gened,2023-24,31.4864,385,bell_schedule,3842,314.21,1,2,True,29.9326,state_requirement,both,-1.553799999999999
5600730,teachers_only,2024-25,32.6669,385,bell_schedule,3710,314.79,1,1,True,31.0548,state_requirement,both,-1.612099999999998
5600730,teachers_secondary,2024-25,26.3363,385,bell_schedule,2045,139.89,1,1,True,25.0365,state_requirement,both,-1.2998000000000012
5605302,all,2024-25,62.7597,400,bell_schedule,4789,751.39,1,1,True,57.4251,state_requirement,both,-5.334600000000002
5605302,core_sped,2023-24,297.8182,400,bell_schedule,22,16.38,1,2,True,272.5036,state_requirement,both,-25.314599999999984
5605302,instructional,2024-25,36.2973,400,bell_schedule,4789,434.57,1,1,True,33.2121,state_requirement,both,-3.0852000000000004
5605302,instructional_plus_support,2024-25,41.1318,400,bell_schedule,4789,492.45,1,1,True,37.6356,state_requirement,both,-3.4962000000000018
5605302,teachers_core,2024-25,28.0526,400,bell_schedule,4789,335.86,1,1,True,25.6681,state_requirement,both,-2.3845000000000027
5605302,teachers_elementary,2024-25,33.7878,380,bell_schedule,2074,184.41,1,1,True,26.6745,state_requirement,both,-7.113299999999999
5605302,teachers_gened,2023-24,28.1427,400,bell_schedule,4820,339.12,1,2,True,25.7506,state_requirement,both,-2.392100000000003
5605302,teachers_only,2024-25,28.0526,400,bell_schedule,4789,335.86,1,1,True,25.6681,state_requirement,both,-2.3845000000000027
5605302,teachers_secondary,2024-25,22.3131,400,bell_schedule,2715,151.45,1,1,True,20.4165,state_requirement,both,-1.8965999999999994
